Company Name,Website,City,Segment,What They Make,Revenue Band,Decision Maker,DM Title,DM Background,C1 Manufacturer Score,C1 Evidence,C2 India Score,C2 Evidence,C3 Differentiation Score,C3 Evidence,C4 Tech DM Score,C4 Evidence,C5 Tailwind Score,C5 Evidence,C6 Growth Score,C6 Evidence,Federer Score,Score Band,Verdict,Verdict Reasoning,Personalization Hook,Evidence Sources
Innovassynth Technologies,innovassynth.com,Pune,Custom synthesis & specialty chemicals,"Protected nucleosides, phosphoramidites, and custom specialty chemicals for global life sciences companies",Rs.100-300Cr,Dr. Hardik Joshipura,MD & CEO,"PhD in Chemistry, former Senior VP at a major pharma company. Deep scientific pedigree.",Strong,"State-of-the-art manufacturing facility in Khopoli (near Pune), Maharashtra. Dedicated GMP blocks specifically for oligonucleotides and complex specialty chemicals. Not a trader or generic bulk manufacturer.",Strong,Headquartered and manufactures exclusively in India (Khopoli).,Strong,"High-barrier custom synthesis of nucleosides and phosphoramidites. These are highly complex, multi-step chemistry products used in mRNA vaccines and targeted therapies, requiring significant intellectual property and process knowledge.",Strong,MD & CEO Dr. Hardik Joshipura holds a PhD in Chemistry. Leadership team comprises highly experienced organic chemists and researchers.,Strong,"Operating in the high-growth CDMO and specialty chemicals sector, benefiting immensely from China+1 supply chain diversification and rising global demand for oligonucleotides.",Strong,Actively expanding nucleoside manufacturing capacity. Visible hiring across R&D and QA/QC roles on LinkedIn. Signals met: Facility Expansion + Hiring.,100,A — Strong Federer,Strong Pass,"Textbook Federer company. High-end niche chemistry, exceptional scientific leadership, and a clear growth trajectory in the highly lucrative CDMO space.",Scaling up your nucleoside and phosphoramidite manufacturing capacity at Khopoli to meet the surging global demand for oligonucleotides.,innovassynth.com; MCA filings; LinkedIn leadership profiles
Mylab Discovery Solutions,mylabdiscoverysolutions.com,Pune,Specialty diagnostics & life-science tools,"RT-PCR kits, rapid antigen tests, molecular diagnostic automation platforms (Compact XL)",Rs.100-300Cr,Hasmukh Rawal,MD,"Post-graduate in biotechnology, driving product innovation.",Strong,Extensive in-house manufacturing of diagnostic kits and fully automated robotic platforms in Pune. Vertically integrated from R&D to final product.,Strong,"Headquarters, R&D, and primary manufacturing all based in Pune.",Strong,"Pioneer in Indian diagnostics. First Indian company to develop and receive approval for an indigenous COVID-19 RT-PCR kit. Developed the Compact XL, India's first fully automated molecular diagnostic system. Deep proprietary IP.",Strong,"Founder & MD has a core biotechnology background, focusing heavily on R&D and indigenous technology development.",Strong,"Strong tailwinds from the Make-in-India initiative in medical devices, PLI schemes, and rising domestic focus on preventive healthcare and molecular diagnostics.",Moderate,"Post-COVID revenue has stabilized, but actively diversifying into TB, HIV, and HCV testing. Recently launched new automation platforms. Signals met: New Products + Hiring.",90,A — Strong Federer,Strong Pass,"Pioneer in Indian molecular diagnostics. Strong transition from a single-hit COVID player to building comprehensive, automated diagnostic ecosystems.","Transitioning from the success of your indigenous RT-PCR kits to building comprehensive, automated molecular diagnostic platforms like the Compact XL for TB and HIV.",mylabdiscoverysolutions.com; News articles; Corporate announcements
Biorad Medisys,bioradmedisys.com,Pune,Medical devices,"Orthopedic implants (knee/hip), urology disposables, and minimally invasive surgical devices",Rs.50-100Cr,Jitendra Hegde,MD,Over 30 years of deep domain experience in the medical device manufacturing industry.,Strong,"Two major manufacturing units in Pune and Bangalore. Complete in-house production, machining, and sterilization of high-grade titanium and steel implants.",Strong,Headquartered in Pune with all manufacturing operations within India.,Strong,CE certified products compliant with stringent European standards. Strong export presence. Patented designs for orthopedic joint replacement solutions.,Moderate,"Experienced industry veteran with deep domain knowledge, though specific advanced academic scientific degrees (like PhD/M.Tech) are not publicly highlighted.",Strong,Direct beneficiary of the Medical Device PLI scheme and Make-in-India tailwinds pushing for import substitution in high-end implants.,Moderate,Consistent export growth to over 50 countries. Visible hiring for regulatory and international sales roles. Signals met: Export Growth + Hiring.,80,A — Strong Federer,Pass,"Solid, mid-sized medical device manufacturer with strong regulatory approvals (CE) and a focus on import substitution. Slightly lower score on C4 due to lack of verifiable academic scientific credentials for the founder.",Expanding your CE-certified orthopedic implant portfolio and leveraging the PLI scheme to replace imported devices in the Indian market.,bioradmedisys.com; EXIM data
BioEra Life Sciences,bioeralife.com,Pune,Specialty diagnostics & life-science tools,"Automated DNA/RNA extraction systems, lab instruments, and advanced biotech educational kits",<Rs.50Cr,Dr. Sameer Chaudhari,Founder & Director,PhD in Biotechnology,Strong,"In-house assembly, calibration, and production of biotech instruments and educational/research kits at their Pune facility.",Strong,Operations and HQ entirely based in Pune.,Moderate,"Instruments and kits are specialized but face stiff competition from established global brands (Thermo Fisher, Qiagen). Differentiation is primarily on cost and local support.",Strong,"Founder holds a PhD in Biotechnology, ensuring deep technical understanding of the products being developed.",Strong,"Biotech research, genomic testing, and educational sectors are experiencing steady growth in India.",Weak,Limited visible growth signals. No major capacity expansions or significant new product lines announced recently. Revenue appears stagnant. Signals met: 0.,65,B — Probable Federer,Borderline,"Technically sound founder with a relevant product portfolio, but the small scale and lack of visible growth signals make it a borderline case. Good candidate to monitor.",Building indigenous automated DNA extraction platforms to provide cost-effective alternatives to expensive imported equipment for Indian research labs.,bioeralife.com; LinkedIn
Melzer Chemicals,melzerspeciality.com,Pune,Performance chemicals,"Specialty biocides, defoamers, and polymers for water treatment, paper, and coating industries",Rs.50-100Cr,Aniruddha Kulkarni,MD,Chemical Engineer with extensive experience in polymer and specialty formulations,Strong,Dedicated manufacturing facility in Pune producing specialty formulations and chemical blends.,Strong,HQ and manufacturing operations located in Pune.,Moderate,"Offers specialized, application-specific formulations rather than heavily patented, novel molecules. Good capability, but moderate differentiation compared to custom synthesis players.",Strong,"Leadership has a core Chemical Engineering background, focusing on technical sales and product development.",Moderate,"Industrial water treatment, paper packaging, and specialty coatings are experiencing stable, steady growth rather than explosive tailwinds.",Moderate,Visible hiring for R&D chemists and technical sales engineers. Steady expansion of product portfolio. Signals met: Hiring.,72.5,B — Probable Federer,Pass,"A solid, reliable performance chemical MSME. Technically competent leadership and in-house manufacturing make it a fit, despite being in a less glamorous sub-segment.",Developing eco-friendly biocides and defoamers to support the growing sustainability requirements in the paper and water treatment sectors.,melzerspeciality.com
Chemion Speciality Chemicals,chemionsc.in,Pune,Performance chemicals,"RO antiscalants, high-pressure boiler chemicals, and customized cooling water treatment chemicals",<Rs.50Cr,Sameer Bapat,Founder,B.E. Chemical Engineering,Strong,Operates a manufacturing and blending plant in Pune for industrial chemical formulations.,Strong,HQ and production in Pune.,Moderate,"Products are primarily formulation-based blends. While customized for clients, the barrier to entry is lower than complex synthesis or novel polymers.",Strong,Founder is a Chemical Engineer who actively drives product formulation and technical consulting for clients.,Moderate,"Industrial water treatment is a mature, stable sector with steady demand linked to general industrial production.",Weak,"Small scale operation with no major expansion news, new facility announcements, or significant hiring visible. Signals met: 0.",65,B — Probable Federer,Borderline,"Good technical fit due to the engineer-founder, but lacks the strong differentiation and growth signals needed for a high-priority target.",Providing highly customized cooling water and boiler treatment formulations specifically tailored for local MSME manufacturers.,chemionsc.in
Seagull BioSolutions,seagullbiosolutions.in,Pune,Specialty biotech,"Viral vectors, diagnostic antigens, and novel vaccine technologies (e-ASV)",<Rs.50Cr,Dr. Vishwas D. Joshi,Founder & CEO,"PhD, Ex-National Institute of Virology (NIV) scientist. Deep technical pedigree.",Moderate,"Focuses heavily on R&D and pilot-scale production. Manufacturing is currently small-scale, suitable for clinical trials and niche diagnostics rather than bulk commercial output.",Strong,Incubated and headquartered at the NCL Innovation Park in Pune.,Strong,"Extremely high differentiation. Developing proprietary active virosome technology (e-ASV) for vaccine delivery, which is a rare capability globally.",Strong,Founder is a highly credentialed scientist with a PhD and prior experience at NIV.,Strong,"Vaccine technology, viral vectors, and advanced therapeutics are in high demand globally following the pandemic.",Weak,The company is still largely in the R&D and early commercialization phase. Pre-revenue or very low revenue with no massive scale-up announced yet. Signals met: 0.,70,B — Probable Federer,Pass,"An IP-heavy biotech company with an exceptional founder. It scores low on current growth/scale, but the deep technical moat makes it a valuable Federer target for early-stage engagement.",Pioneering proprietary e-ASV technology to revolutionize targeted vaccine delivery and next-generation diagnostics from NCL Innovation Park.,seagullbiosolutions.in; NCL startup directory
Polybond India Pvt Ltd,polybondindia.com,Pune,Performance chemicals,"Anti-vibration mounts, specialized silicone hoses, and molded rubber parts for automotive and industrial applications",Rs.300-500Cr,Adit Rathi,MD,Gen-2 leader with an engineering background and focus on modernizing operations.,Strong,"Operates multiple large-scale manufacturing plants in and around Pune, producing all products in-house.",Strong,Headquartered in Pune with all major plants in India.,Moderate,"Tier-1 automotive supplier. Products are high-quality and require precision, but they are relatively standard components in the auto industry compared to niche specialty chemicals.",Moderate,"Gen-2 leadership that is heavily process-oriented and engineering-focused, though not necessarily holding deep scientific PhDs.",Moderate,"The auto component sector is growing steadily, driven by export opportunities and the transition to new vehicle platforms.",Strong,"Expanding globally, regularly setting up new manufacturing plants to cater to export demand, and showing strong financial performance. Signals met: Facility Expansion + Financial + Hiring.",70,B — Probable Federer,Pass,"A large, process-driven, and highly successful manufacturer. It is slightly borderline on the differentiation (C3) criteria for our specific specialty focus, but its operational rigor makes it a fit.",Scaling your global exports of specialized silicone hoses and NVH solutions while setting up new facilities to meet international demand.,polybondindia.com; Auto component industry reports
Nichrome India,nichrome.com,Pune,Industrial sensors & instrumentation,"High-speed automated packaging machines, VFFS machines, and integrated filling systems",Rs.100-300Cr,Hemant Joshi,MD,"Engineering background, driving technical design and automation.",Strong,"Owns a large, state-of-the-art manufacturing and machine-building facility in Pune. Complete in-house design and fabrication.",Strong,HQ and manufacturing operations in Pune.,Strong,Pioneer in Indian packaging machinery. Developed India's first indigenous milk packaging machine. Strong in-house design and automation capabilities.,Strong,Engineering-led organization with a strong focus on continuous R&D and product improvement.,Strong,"Automation in FMCG, pharma, and food packaging is a massive growth area driven by labor costs and hygiene standards.",Moderate,"Displays steady growth, regular launches of new machine models, and consistent hiring for engineering roles. Signals met: New Products + Hiring.",85,A — Strong Federer,Strong Pass,"Market leader in domestic packaging automation. Exhibits solid engineering capabilities and a continuous focus on innovation, perfectly fitting the Federer profile.",Pioneering high-speed automated packaging lines and integrating advanced VFFS systems for the Indian FMCG and pharma sectors.,nichrome.com
Accurate Engineering Company,accurate.co.in,Pune,Industrial sensors & instrumentation,"3D Coordinate Measuring Machines (CMM), precision gauges, and advanced metrology solutions",Rs.50-100Cr,Vikram Salunkhe,MD,Engineering background with deep expertise in precision metrology.,Strong,"Complete in-house manufacturing, assembly, and calibration of ultra-precision measuring instruments at their Pune facility.",Strong,HQ and manufacturing located in Pune.,Strong,High-precision metrology equipment requires exceptional manufacturing tolerances and software integration. Successfully replacing expensive imported CMMs.,Strong,"Leadership is technically driven, with deep domain expertise in metrology and precision engineering.",Strong,"The push for quality control in Make-in-India aerospace, defence, and automotive sectors directly drives demand for their products.",Moderate,An established player maintaining a steady market share. Holds critical certifications like NABL accreditation. Signals met: Certifications + Hiring.,85,A — Strong Federer,Strong Pass,Exhibits deep technical capability in the highly specialized field of metrology. A perfect example of an Indian company building complex technical products in-house.,"Providing indigenous, high-precision 3D Coordinate Measuring Machines (CMM) to ensure quality control for the Indian aerospace and defence sectors.",accurate.co.in; NABL directory
Yashashri Polymers,yashashripolymers.com,Pune,Performance chemicals,Plasticizer-free PVC compounds and specialty polymer blends for medical and food packaging,<Rs.50Cr,Rahul Deshpande,Director,Polymer Engineer with technical expertise in compound formulation.,Strong,Operates a dedicated compounding and manufacturing plant in Pune.,Strong,HQ and production entirely in Pune.,Moderate,"Develops specialty compounds for critical applications (medical/food), which requires strict quality control, but the core chemistry is well-established.",Strong,"Founder holds a degree in Polymer Engineering, actively involved in formulating new compounds.",Moderate,Steady growth driven by the expansion of the medical device and hygienic food packaging industries.,Weak,"No major expansion signals, facility upgrades, or significant hiring visible recently. Signals met: 0.",65,B — Probable Federer,Borderline,"A technically driven founder operating in a niche segment, but the very small scale and lack of growth momentum make it a borderline candidate.","Formulating specialized, plasticizer-free and non-toxic PVC compounds designed specifically for critical medical device packaging.",yashashripolymers.com
Praj Industries,praj.net,Pune,Specialty biotech,"Bioenergy plants, zero liquid discharge systems, and critical process equipment",>Rs.500Cr,-,-,-,Not evaluated — auto-disqualified on revenue.,Strong,-,Strong,-,Not scored,-,Strong,-,Strong,-,0,D — Auto-disqualify,Fail — Auto-disqualify,"Revenue significantly exceeds the Rs.500Cr limit (FY24 revenue > Rs.3000Cr). A highly successful company, but it has outgrown the MSME ICP criteria.",-,praj.net; BSE annual reports
Clean Science and Technology,cleanscience.co.in,Pune,Specialty chemicals,"Performance chemicals, FMCG chemicals, and pharmaceutical intermediates",>Rs.500Cr,-,-,-,Not evaluated — auto-disqualified on revenue.,Strong,-,Strong,-,Not scored,-,Strong,-,Strong,-,0,D — Auto-disqualify,Fail — Auto-disqualify,"Revenue exceeds Rs.500Cr (FY24 revenue ~Rs.900Cr). It is a highly successful, listed specialty chemicals company, but it falls outside our target revenue band.",-,cleanscience.co.in; BSE filings
Sudarshan Chemical Industries,sudarshan.com,Pune,Performance chemicals,High-performance pigments and solvent dyes,>Rs.500Cr,-,-,-,Not evaluated — auto-disqualified on revenue.,Strong,-,Strong,-,Not scored,-,Strong,-,Strong,-,0,D — Auto-disqualify,Fail — Auto-disqualify,Revenue exceeds Rs.2000Cr. A global player in the pigment industry that has vastly outgrown the MSME target profile.,-,sudarshan.com; BSE filings
Serum Institute of India,seruminstitute.com,Pune,Specialty biotech,Vaccines and immuno-biologicals,>Rs.500Cr,-,-,-,Not evaluated — auto-disqualified on revenue.,Strong,-,Strong,-,Not scored,-,Strong,-,Strong,-,0,D — Auto-disqualify,Fail — Auto-disqualify,The world's largest vaccine manufacturer by volume. Multi-billion dollar revenue. Automatically disqualified due to massive scale.,-,seruminstitute.com
Krsnaa Diagnostics,krsnaadiagnostics.com,Pune,Specialty diagnostics,Diagnostic testing and radiology services,>Rs.500Cr,-,-,-,Not evaluated — auto-disqualified. Service company.,Fail,Diagnostic lab chain providing testing services to hospitals. It does not manufacture diagnostic equipment or reagents.,Strong,-,Not scored,-,Not scored,-,Not scored,-,0,D — Auto-disqualify,Fail — Auto-disqualify,"Service company, not a manufacturer. Also exceeds revenue limits. A classic example of a healthcare company that looks relevant but fails C1.",-,krsnaadiagnostics.com
GeneOmbio Technologies,geneombiotechnologies.com,Pune,Contract research,"Genomic testing, molecular diagnostics, and bioinformatics services",<Rs.50Cr,-,-,-,Not evaluated — auto-disqualified. Service company.,Fail,Operates as a Contract Research Organization (CRO) and testing laboratory. Does not manufacture physical products.,Strong,-,Not scored,-,Not scored,-,Not scored,-,0,D — Auto-disqualify,Fail — Auto-disqualify,"Provides genomic testing and analysis services. Fails the C1 criteria as it is a pure service/CRO business, not a product manufacturer.",-,geneombiotechnologies.com
Enzene Biosciences,enzene.com,Pune,Specialty biotech,Biosimilars and complex biologics,Rs.100-300Cr,-,-,-,Not evaluated — auto-disqualified. Subsidiary of a large group.,Strong,-,Strong,-,Not scored,-,Not scored,-,Strong,-,0,D — Auto-disqualify,Fail — Auto-disqualify,"It is a subsidiary of Alkem Laboratories (a multi-billion dollar pharma giant). Fails the requirement of being an independent, promoter-driven MSME.",-,enzene.com; Corporate disclosures
Thermax,thermaxglobal.com,Pune,Industrial sensors & instrumentation,"Energy and environment engineering solutions, boilers, water treatment plants",>Rs.500Cr,-,-,-,Not evaluated — auto-disqualified on revenue.,Strong,-,Strong,-,Not scored,-,Strong,-,Strong,-,0,D — Auto-disqualify,Fail — Auto-disqualify,Revenue exceeds Rs.8000Cr. A massive industrial conglomerate. Outgrown ICP.,-,thermaxglobal.com; BSE filings
Forbes Marshall,forbesmarshall.com,Pune,Industrial sensors & instrumentation,Steam engineering and control instrumentation,>Rs.500Cr,-,-,-,Not evaluated — auto-disqualified on revenue.,Strong,-,Strong,-,Not scored,-,Strong,-,Strong,-,0,D — Auto-disqualify,Fail — Auto-disqualify,Revenue comfortably exceeds Rs.1500Cr. Too large for the MSME target segment.,-,forbesmarshall.com
Cotmac Electronics,cotmac.io,Pune,Industrial sensors & instrumentation,Industrial automation solutions and system integration,Rs.100-300Cr,-,-,-,Not evaluated — auto-disqualified. Service company.,Fail,Acts as a system integrator and solution provider using components from companies like Siemens. Not an OEM manufacturer of sensors or PLCs.,Strong,-,Not scored,-,Not scored,-,Not scored,-,0,D — Auto-disqualify,Fail — Auto-disqualify,"Provides engineering services and system integration, not manufacturing. Fails C1.",-,cotmac.io
Renishaw India,renishaw.com,Pune,Industrial sensors & instrumentation,Precision measurement and healthcare technology,Rs.100-300Cr,-,-,-,Not evaluated — auto-disqualified. Foreign subsidiary.,Strong,-,Strong,-,Not scored,-,Not scored,-,Not scored,-,0,D — Auto-disqualify,Fail — Auto-disqualify,"Subsidiary of the UK-based multinational Renishaw plc. Decision-making is driven by global HQ, not an independent Indian founder.",-,renishaw.com
Hella India Automotive,hella.com,Pune,Performance chemicals,Automotive lighting and electronics,>Rs.500Cr,-,-,-,Not evaluated — auto-disqualified. Foreign subsidiary.,Strong,-,Strong,-,Not scored,-,Not scored,-,Not scored,-,0,D — Auto-disqualify,Fail — Auto-disqualify,Subsidiary of global giant Forvia/Hella. Not an independent promoter-driven company. Also exceeds revenue limits.,-,hella.com
Emcure Pharmaceuticals,emcure.com,Pune,Complex APIs & regulated pharma,Pharmaceutical formulations and APIs,>Rs.500Cr,-,-,-,Not evaluated — auto-disqualified. Revenue and ownership.,Strong,-,Strong,-,Not scored,-,Not scored,-,Not scored,-,0,D — Auto-disqualify,Fail — Auto-disqualify,Revenue exceeds Rs.6000Cr and is heavily backed by PE (Bain Capital). Fails on both scale and ownership structure.,-,emcure.com
Lupin,lupin.com,Pune,Complex APIs & regulated pharma,"Pharmaceuticals, APIs, and generics",>Rs.500Cr,-,-,-,Not evaluated — auto-disqualified. Revenue.,Strong,-,Strong,-,Not scored,-,Not scored,-,Not scored,-,0,D — Auto-disqualify,Fail — Auto-disqualify,"Large cap, global pharma major. Completely outside the MSME criteria.",-,lupin.com
